WACC,Terminal_Growth,PV_of_FCFs_$m,PV_of_Terminal_$m,Enterprise_Value_$m
0.1,0.03,3938.882217434228,14618.262005735533,18557.144223169762
